rank,name,nation,born,bw,group,lift1,lift2,lift3,lift4,cat,sec,event
rank: 1,rada rodriguez sergio armando,col,"born: jan 27, 1984",b.weight: 55.83,group: a,1: -108,2: 108,3: 112,total: 112,56kgmen,snatch,XVII BOLIVAR GAMES
rank: 2,rocafuerte buenaire enmanuel enrique,ecu,"born: aug 17, 1992",b.weight: 55.83,group: a,1: 102,2: 106,3: -108,total: 106,56kgmen,snatch,XVII BOLIVAR GAMES
rank: 3,cruz escobar ramon ernesto,esa,"born: may 23, 1995",b.weight: 55.71,group: a,1: 95,2: 100,3: 103,total: 103,56kgmen,snatch,XVII BOLIVAR GAMES
rank: 4,barrera sandoval francisco javier,chi,"born: may 14, 1987",b.weight: 55.99,group: a,1: 102,2: -106,3: -107,total: 102,56kgmen,snatch,XVII BOLIVAR GAMES
rank: 5,soto diego,chi,"born: jan 28, 1988",b.weight: 55.80,group: a,1: 92,2: 97,3: -100,total: 97,56kgmen,snatch,XVII BOLIVAR GAMES
rank: 6,preciado german,pan,"born: nov 03, 1976",b.weight: 56.00,group: a,1: 80,2: -85,3: 85,total: 85,56kgmen,snatch,XVII BOLIVAR GAMES
rank: 1,rada rodriguez sergio armando,col,"born: jan 27, 1984",b.weight: 55.83,group: a,1: 137,2: -140,3: 140,total: 140,56kgmen,cleanjerk,XVII BOLIVAR GAMES
rank: 2,rocafuerte buenaire enmanuel enrique,ecu,"born: aug 17, 1992",b.weight: 55.83,group: a,1: 133,2: 136,3: 138,total: 138,56kgmen,cleanjerk,XVII BOLIVAR GAMES
rank: 3,barrera sandoval francisco javier,chi,"born: may 14, 1987",b.weight: 55.99,group: a,1: 128,2: -135,3: -135,total: 128,56kgmen,cleanjerk,XVII BOLIVAR GAMES
rank: 4,soto diego,chi,"born: jan 28, 1988",b.weight: 55.80,group: a,1: 116,2: 123,3: -125,total: 123,56kgmen,cleanjerk,XVII BOLIVAR GAMES
rank: 5,cruz escobar ramon ernesto,esa,"born: may 23, 1995",b.weight: 55.71,group: a,1: 115,2: 122,3: -125,total: 122,56kgmen,cleanjerk,XVII BOLIVAR GAMES
rank: 6,preciado german,pan,"born: nov 03, 1976",b.weight: 56.00,group: a,1: 110,2: -115,3: -115,total: 110,56kgmen,cleanjerk,XVII BOLIVAR GAMES
rank: 1,rada rodriguez sergio armando,col,"born: jan 27, 1984",b.weight: 55.83,group: a,snatch: 112,ci&jerk: 140,total: 252,,56kgmen,total,XVII BOLIVAR GAMES
rank: 2,rocafuerte buenaire enmanuel enrique,ecu,"born: aug 17, 1992",b.weight: 55.83,group: a,snatch: 106,ci&jerk: 138,total: 244,,56kgmen,total,XVII BOLIVAR GAMES
rank: 3,barrera sandoval francisco javier,chi,"born: may 14, 1987",b.weight: 55.99,group: a,snatch: 102,ci&jerk: 128,total: 230,,56kgmen,total,XVII BOLIVAR GAMES
rank: 4,cruz escobar ramon ernesto,esa,"born: may 23, 1995",b.weight: 55.71,group: a,snatch: 103,ci&jerk: 122,total: 225,,56kgmen,total,XVII BOLIVAR GAMES
rank: 5,soto diego,chi,"born: jan 28, 1988",b.weight: 55.80,group: a,snatch: 97,ci&jerk: 123,total: 220,,56kgmen,total,XVII BOLIVAR GAMES
rank: 6,preciado german,pan,"born: nov 03, 1976",b.weight: 56.00,group: a,snatch: 85,ci&jerk: 110,total: 195,,56kgmen,total,XVII BOLIVAR GAMES
rank: 1,mosquera valencia francisco antonio,col,"born: apr 01, 1992",b.weight: 61.68,group: a,1: 122,2: 127,3: -132,total: 127,62kgmen,snatch,XVII BOLIVAR GAMES
rank: 2,herrera cepeda erik elvis,ecu,"born: jul 28, 1994",b.weight: 61.74,group: a,1: 114,2: 117,3: 119,total: 119,62kgmen,snatch,XVII BOLIVAR GAMES
rank: 3,lopez pena roy sherlock,ven,"born: oct 21, 1992",b.weight: 61.42,group: a,1: -118,2: 118,3: -119,total: 118,62kgmen,snatch,XVII BOLIVAR GAMES
rank: 4,zurita vallejo victor xavier,ecu,"born: nov 11, 1995",b.weight: 61.54,group: a,1: 112,2: -117,3: 117,total: 117,62kgmen,snatch,XVII BOLIVAR GAMES
rank: 5,salamanca pineda julio cesar,esa,"born: jul 15, 1989",b.weight: 60.79,group: a,1: 105,2: 108,3: -110,total: 108,62kgmen,snatch,XVII BOLIVAR GAMES
rank: 6,preciado reyes miguel angel,per,"born: nov 03, 1994",b.weight: 61.63,group: a,1: -105,2: 105,3: -110,total: 105,62kgmen,snatch,XVII BOLIVAR GAMES
rank: 7,alberto reyes,per,"born: jan 01, 1997",b.weight: 60.55,group: a,1: 93,2: -96,3: -96,total: 93,62kgmen,snatch,XVII BOLIVAR GAMES
rank: 1,mosquera valencia francisco antonio,col,"born: apr 01, 1992",b.weight: 61.68,group: a,1: -155,2: 155,3: 157,total: 157,62kgmen,cleanjerk,XVII BOLIVAR GAMES
rank: 2,salamanca pineda julio cesar,esa,"born: jul 15, 1989",b.weight: 60.79,group: a,1: 150,2: 153,3: 156,total: 156,62kgmen,cleanjerk,XVII BOLIVAR GAMES
rank: 3,herrera cepeda erik elvis,ecu,"born: jul 28, 1994",b.weight: 61.74,group: a,1: 145,2: 150,3: -154,total: 150,62kgmen,cleanjerk,XVII BOLIVAR GAMES
rank: 4,zurita vallejo victor xavier,ecu,"born: nov 11, 1995",b.weight: 61.54,group: a,1: 141,2: 147,3: -150,total: 147,62kgmen,cleanjerk,XVII BOLIVAR GAMES
rank: 5,lopez pena roy sherlock,ven,"born: oct 21, 1992",b.weight: 61.42,group: a,1: 145,2: -150,3: -150,total: 145,62kgmen,cleanjerk,XVII BOLIVAR GAMES
rank: 6,preciado reyes miguel angel,per,"born: nov 03, 1994",b.weight: 61.63,group: a,1: 135,2: 140,3: -142,total: 140,62kgmen,cleanjerk,XVII BOLIVAR GAMES
rank: 7,alberto reyes,per,"born: jan 01, 1997",b.weight: 60.55,group: a,1: 122,2: 127,3: 130,total: 130,62kgmen,cleanjerk,XVII BOLIVAR GAMES
rank: 1,mosquera valencia francisco antonio,col,"born: apr 01, 1992",b.weight: 61.68,group: a,snatch: 127,ci&jerk: 157,total: 284,,62kgmen,total,XVII BOLIVAR GAMES
rank: 2,herrera cepeda erik elvis,ecu,"born: jul 28, 1994",b.weight: 61.74,group: a,snatch: 119,ci&jerk: 150,total: 269,,62kgmen,total,XVII BOLIVAR GAMES
rank: 3,salamanca pineda julio cesar,esa,"born: jul 15, 1989",b.weight: 60.79,group: a,snatch: 108,ci&jerk: 156,total: 264,,62kgmen,total,XVII BOLIVAR GAMES
rank: 4,zurita vallejo victor xavier,ecu,"born: nov 11, 1995",b.weight: 61.54,group: a,snatch: 117,ci&jerk: 147,total: 264,,62kgmen,total,XVII BOLIVAR GAMES
rank: 5,lopez pena roy sherlock,ven,"born: oct 21, 1992",b.weight: 61.42,group: a,snatch: 118,ci&jerk: 145,total: 263,,62kgmen,total,XVII BOLIVAR GAMES
rank: 6,preciado reyes miguel angel,per,"born: nov 03, 1994",b.weight: 61.63,group: a,snatch: 105,ci&jerk: 140,total: 245,,62kgmen,total,XVII BOLIVAR GAMES
rank: 7,alberto reyes,per,"born: jan 01, 1997",b.weight: 60.55,group: a,snatch: 93,ci&jerk: 130,total: 223,,62kgmen,total,XVII BOLIVAR GAMES
rank: 1,sanchez rivero junior antonio,ven,"born: jun 01, 1989",b.weight: 68.60,group: a,1: 140,2: 145,3: 150,total: 150,69kgmen,snatch,XVII BOLIVAR GAMES
rank: 2,valencia iturralde enrique clemente,ecu,"born: sep 18, 1988",b.weight: 67.41,group: a,1: 126,2: 130,3: 135,total: 135,69kgmen,snatch,XVII BOLIVAR GAMES
rank: 3,valdizon coronado oscar fernando,gua,"born: jun 12, 1989",b.weight: 68.98,group: a,1: 115,2: 121,3: 125,total: 125,69kgmen,snatch,XVII BOLIVAR GAMES
rank: 4,lahuanampa castillo junior chayanne,per,"born: apr 04, 1995",b.weight: 68.81,group: a,1: 115,2: 120,3: -123,total: 120,69kgmen,snatch,XVII BOLIVAR GAMES
rank: 5,guanteo alejandro,chi,"born: jan 01, 1995",b.weight: 68.13,group: a,1: 110,2: -115,3: -115,total: 110,69kgmen,snatch,XVII BOLIVAR GAMES
rank: 1,sanchez rivero junior antonio,ven,"born: jun 01, 1989",b.weight: 68.60,group: a,1: 167,2: 175,3: -182,total: 175,69kgmen,cleanjerk,XVII BOLIVAR GAMES
rank: 2,valencia iturralde enrique clemente,ecu,"born: sep 18, 1988",b.weight: 67.41,group: a,1: 155,2: 158,3: 166,total: 166,69kgmen,cleanjerk,XVII BOLIVAR GAMES
rank: 3,lahuanampa castillo junior chayanne,per,"born: apr 04, 1995",b.weight: 68.81,group: a,1: 147,2: 153,3: 156,total: 156,69kgmen,cleanjerk,XVII BOLIVAR GAMES
rank: 4,valdizon coronado oscar fernando,gua,"born: jun 12, 1989",b.weight: 68.98,group: a,1: 148,2: -154,3: -154,total: 148,69kgmen,cleanjerk,XVII BOLIVAR GAMES
rank: 5,guanteo alejandro,chi,"born: jan 01, 1995",b.weight: 68.13,group: a,1: -137,2: -137,3: 137,total: 137,69kgmen,cleanjerk,XVII BOLIVAR GAMES
rank: 1,sanchez rivero junior antonio,ven,"born: jun 01, 1989",b.weight: 68.60,group: a,snatch: 150,ci&jerk: 175,total: 325,,69kgmen,total,XVII BOLIVAR GAMES
rank: 2,valencia iturralde enrique clemente,ecu,"born: sep 18, 1988",b.weight: 67.41,group: a,snatch: 135,ci&jerk: 166,total: 301,,69kgmen,total,XVII BOLIVAR GAMES
rank: 3,lahuanampa castillo junior chayanne,per,"born: apr 04, 1995",b.weight: 68.81,group: a,snatch: 120,ci&jerk: 156,total: 276,,69kgmen,total,XVII BOLIVAR GAMES
rank: 4,valdizon coronado oscar fernando,gua,"born: jun 12, 1989",b.weight: 68.98,group: a,snatch: 125,ci&jerk: 148,total: 273,,69kgmen,total,XVII BOLIVAR GAMES
rank: 5,guanteo alejandro,chi,"born: jan 01, 1995",b.weight: 68.13,group: a,snatch: 110,ci&jerk: 137,total: 247,,69kgmen,total,XVII BOLIVAR GAMES
rank: 1,mena gabriel,col,"born: jul 13, 1985",b.weight: 76.96,group: a,1: 145,2: 150,3: -152,total: 150,77kgmen,snatch,XVII BOLIVAR GAMES
rank: 2,angulo rivera edinson,col,"born: aug 06, 1982",b.weight: 76.55,group: a,1: 140,2: 141,3: -145,total: 141,77kgmen,snatch,XVII BOLIVAR GAMES
rank: 3,sanchez rivero raul alexander,ven,"born: sep 29, 1986",b.weight: 73.48,group: a,1: 135,2: 140,3: -144,total: 140,77kgmen,snatch,XVII BOLIVAR GAMES
rank: 4,viquez quiroz maximo,pan,"born: feb 12, 1982",b.weight: 76.09,group: a,1: 125,2: 130,3: 135,total: 135,77kgmen,snatch,XVII BOLIVAR GAMES
rank: 5,lescano guerrero arturo david,per,"born: jun 16, 1988",b.weight: 75.61,group: a,1: 108,2: 112,3: 115,total: 115,77kgmen,snatch,XVII BOLIVAR GAMES
rank: 1,angulo rivera edinson,col,"born: aug 06, 1982",b.weight: 76.55,group: a,1: 183,2: 187,3: -190,total: 187,77kgmen,cleanjerk,XVII BOLIVAR GAMES
rank: 2,mena gabriel,col,"born: jul 13, 1985",b.weight: 76.96,group: a,1: 178,2: -182,3: -182,total: 178,77kgmen,cleanjerk,XVII BOLIVAR GAMES
rank: 3,sanchez rivero raul alexander,ven,"born: sep 29, 1986",b.weight: 73.48,group: a,1: 160,2: -175,3: -175,total: 160,77kgmen,cleanjerk,XVII BOLIVAR GAMES
rank: 4,viquez quiroz maximo,pan,"born: feb 12, 1982",b.weight: 76.09,group: a,1: 150,2: 155,3: 157,total: 157,77kgmen,cleanjerk,XVII BOLIVAR GAMES
rank: 5,lescano guerrero arturo david,per,"born: jun 16, 1988",b.weight: 75.61,group: a,1: 142,2: 148,3: 150,total: 150,77kgmen,cleanjerk,XVII BOLIVAR GAMES
rank: 1,angulo rivera edinson,col,"born: aug 06, 1982",b.weight: 76.55,group: a,snatch: 141,ci&jerk: 187,total: 328,,77kgmen,total,XVII BOLIVAR GAMES
rank: 2,mena gabriel,col,"born: jul 13, 1985",b.weight: 76.96,group: a,snatch: 150,ci&jerk: 178,total: 328,,77kgmen,total,XVII BOLIVAR GAMES
rank: 3,sanchez rivero raul alexander,ven,"born: sep 29, 1986",b.weight: 73.48,group: a,snatch: 140,ci&jerk: 160,total: 300,,77kgmen,total,XVII BOLIVAR GAMES
rank: 4,viquez quiroz maximo,pan,"born: feb 12, 1982",b.weight: 76.09,group: a,snatch: 135,ci&jerk: 157,total: 292,,77kgmen,total,XVII BOLIVAR GAMES
rank: 5,lescano guerrero arturo david,per,"born: jun 16, 1988",b.weight: 75.61,group: a,snatch: 115,ci&jerk: 150,total: 265,,77kgmen,total,XVII BOLIVAR GAMES
rank: 1,manzano ferney,col,"born: jan 13, 1980",b.weight: 83.99,group: a,1: 150,2: 155,3: 160,total: 160,85kgmen,snatch,XVII BOLIVAR GAMES
rank: 2,tenorio mina freddy fernando,ecu,"born: jun 14, 1991",b.weight: 81.48,group: a,1: 137,2: 142,3: 148,total: 148,85kgmen,snatch,XVII BOLIVAR GAMES
rank: 3,ruiz juan,col,"born: oct 23, 1986",b.weight: 84.89,group: a,1: -148,2: 148,3: -151,total: 148,85kgmen,snatch,XVII BOLIVAR GAMES
rank: 4,igor jorge,chi,"born: apr 05, 1990",b.weight: 84.65,group: a,1: 135,2: -138,3: 138,total: 138,85kgmen,snatch,XVII BOLIVAR GAMES
rank: 5,arias camano eustaciano,pan,"born: mar 03, 1981",b.weight: 83.80,group: a,1: 125,2: 130,3: -132,total: 130,85kgmen,snatch,XVII BOLIVAR GAMES
rank: 6,rodriguez arnulfo,pan,"born: oct 07, 1998",b.weight: 82.17,group: a,1: 120,2: 125,3: -128,total: 125,85kgmen,snatch,XVII BOLIVAR GAMES
rank: 7,alburqueque nino edy junior,per,"born: mar 17, 1994",b.weight: 84.10,group: a,1: 120,2: 124,3: -128,total: 124,85kgmen,snatch,XVII BOLIVAR GAMES
rank: 8,arzamendia vatteone ronald alberto,par,"born: nov 17, 1993",b.weight: 79.86,group: a,1: 85,2: 90,3: -97,total: 90,85kgmen,snatch,XVII BOLIVAR GAMES
rank: ---,mejias hernandez octavio antonio,ven,"born: jul 21, 1982",b.weight: 84.88,group: a,1: -130,2: ---,3: ---,total: ---,85kgmen,snatch,XVII BOLIVAR GAMES
rank: 1,ruiz juan,col,"born: oct 23, 1986",b.weight: 84.89,group: a,1: 185,2: 191,3: 194,total: 194,85kgmen,cleanjerk,XVII BOLIVAR GAMES
rank: 2,manzano ferney,col,"born: jan 13, 1980",b.weight: 83.99,group: a,1: -187,2: 187,3: 193,total: 193,85kgmen,cleanjerk,XVII BOLIVAR GAMES
rank: 3,tenorio mina freddy fernando,ecu,"born: jun 14, 1991",b.weight: 81.48,group: a,1: 177,2: 180,3: 181,total: 181,85kgmen,cleanjerk,XVII BOLIVAR GAMES
rank: 4,igor jorge,chi,"born: apr 05, 1990",b.weight: 84.65,group: a,1: 170,2: 178,3: 181,total: 181,85kgmen,cleanjerk,XVII BOLIVAR GAMES
rank: 5,arias camano eustaciano,pan,"born: mar 03, 1981",b.weight: 83.80,group: a,1: 155,2: 160,3: 165,total: 165,85kgmen,cleanjerk,XVII BOLIVAR GAMES
rank: 6,alburqueque nino edy junior,per,"born: mar 17, 1994",b.weight: 84.10,group: a,1: 153,2: 159,3: 162,total: 162,85kgmen,cleanjerk,XVII BOLIVAR GAMES
rank: 7,rodriguez arnulfo,pan,"born: oct 07, 1998",b.weight: 82.17,group: a,1: 150,2: 155,3: 159,total: 159,85kgmen,cleanjerk,XVII BOLIVAR GAMES
rank: 8,arzamendia vatteone ronald alberto,par,"born: nov 17, 1993",b.weight: 79.86,group: a,1: 120,2: -125,3: -125,total: 120,85kgmen,cleanjerk,XVII BOLIVAR GAMES
rank: ---,mejias hernandez octavio antonio,ven,"born: jul 21, 1982",b.weight: 84.88,group: a,1: ---,2: ---,3: ---,total: ---,85kgmen,cleanjerk,XVII BOLIVAR GAMES
rank: 1,manzano ferney,col,"born: jan 13, 1980",b.weight: 83.99,group: a,snatch: 160,ci&jerk: 193,total: 353,,85kgmen,total,XVII BOLIVAR GAMES
rank: 2,ruiz juan,col,"born: oct 23, 1986",b.weight: 84.89,group: a,snatch: 148,ci&jerk: 194,total: 342,,85kgmen,total,XVII BOLIVAR GAMES
rank: 3,tenorio mina freddy fernando,ecu,"born: jun 14, 1991",b.weight: 81.48,group: a,snatch: 148,ci&jerk: 181,total: 329,,85kgmen,total,XVII BOLIVAR GAMES
rank: 4,igor jorge,chi,"born: apr 05, 1990",b.weight: 84.65,group: a,snatch: 138,ci&jerk: 181,total: 319,,85kgmen,total,XVII BOLIVAR GAMES
rank: 5,arias camano eustaciano,pan,"born: mar 03, 1981",b.weight: 83.80,group: a,snatch: 130,ci&jerk: 165,total: 295,,85kgmen,total,XVII BOLIVAR GAMES
rank: 6,alburqueque nino edy junior,per,"born: mar 17, 1994",b.weight: 84.10,group: a,snatch: 124,ci&jerk: 162,total: 286,,85kgmen,total,XVII BOLIVAR GAMES
rank: 7,rodriguez arnulfo,pan,"born: oct 07, 1998",b.weight: 82.17,group: a,snatch: 125,ci&jerk: 159,total: 284,,85kgmen,total,XVII BOLIVAR GAMES
rank: 8,arzamendia vatteone ronald alberto,par,"born: nov 17, 1993",b.weight: 79.86,group: a,snatch: 90,ci&jerk: 120,total: 210,,85kgmen,total,XVII BOLIVAR GAMES
rank: ---,mejias hernandez octavio antonio,ven,"born: jul 21, 1982",b.weight: 84.88,group: a,snatch: ---,ci&jerk: ---,total: ---,,85kgmen,total,XVII BOLIVAR GAMES
rank: 1,guadamud braulio eduardo francisco,ecu,"born: jun 11, 1986",b.weight: 93.44,group: a,1: 157,2: 161,3: 164,total: 164,94kgmen,snatch,XVII BOLIVAR GAMES
rank: 2,torres lopez wilmer hernan,col,"born: mar 24, 1986",b.weight: 92.73,group: a,1: 155,2: 160,3: 163,total: 163,94kgmen,snatch,XVII BOLIVAR GAMES
rank: 3,marquez parra herbys charlys,ven,"born: dec 01, 1980",b.weight: 93.44,group: a,1: -156,2: -156,3: 156,total: 156,94kgmen,snatch,XVII BOLIVAR GAMES
rank: 4,arriagada ascencio juan ignacio,chi,"born: oct 01, 1990",b.weight: 93.95,group: a,1: 140,2: 145,3: -155,total: 145,94kgmen,snatch,XVII BOLIVAR GAMES
rank: 5,viera espinoza hernan moises,per,"born: jan 16, 1993",b.weight: 93.94,group: a,1: 137,2: 142,3: -146,total: 142,94kgmen,snatch,XVII BOLIVAR GAMES
rank: 6,sanabria leonardo,par,"born: jan 01, 1984",b.weight: 86.68,group: a,1: -100,2: 100,3: 105,total: 105,94kgmen,snatch,XVII BOLIVAR GAMES
rank: 1,guadamud braulio eduardo francisco,ecu,"born: jun 11, 1986",b.weight: 93.44,group: a,1: 195,2: 201,3: 203,total: 203,94kgmen,cleanjerk,XVII BOLIVAR GAMES
rank: 2,torres lopez wilmer hernan,col,"born: mar 24, 1986",b.weight: 92.73,group: a,1: 195,2: 200,3: 202,total: 202,94kgmen,cleanjerk,XVII BOLIVAR GAMES
rank: 3,viera espinoza hernan moises,per,"born: jan 16, 1993",b.weight: 93.94,group: a,1: 178,2: 183,3: 187,total: 187,94kgmen,cleanjerk,XVII BOLIVAR GAMES
rank: 4,arriagada ascencio juan ignacio,chi,"born: oct 01, 1990",b.weight: 93.95,group: a,1: 171,2: -176,3: 176,total: 176,94kgmen,cleanjerk,XVII BOLIVAR GAMES
rank: 5,sanabria leonardo,par,"born: jan 01, 1984",b.weight: 86.68,group: a,1: -125,2: 125,3: -128,total: 125,94kgmen,cleanjerk,XVII BOLIVAR GAMES
rank: ---,marquez parra herbys charlys,ven,"born: dec 01, 1980",b.weight: 93.44,group: a,1: -196,2: -196,3: -196,total: ---,94kgmen,cleanjerk,XVII BOLIVAR GAMES
rank: 1,guadamud braulio eduardo francisco,ecu,"born: jun 11, 1986",b.weight: 93.44,group: a,snatch: 164,ci&jerk: 203,total: 367,,94kgmen,total,XVII BOLIVAR GAMES
rank: 2,torres lopez wilmer hernan,col,"born: mar 24, 1986",b.weight: 92.73,group: a,snatch: 163,ci&jerk: 202,total: 365,,94kgmen,total,XVII BOLIVAR GAMES
rank: 3,viera espinoza hernan moises,per,"born: jan 16, 1993",b.weight: 93.94,group: a,snatch: 142,ci&jerk: 187,total: 329,,94kgmen,total,XVII BOLIVAR GAMES
rank: 4,arriagada ascencio juan ignacio,chi,"born: oct 01, 1990",b.weight: 93.95,group: a,snatch: 145,ci&jerk: 176,total: 321,,94kgmen,total,XVII BOLIVAR GAMES
rank: 5,sanabria leonardo,par,"born: jan 01, 1984",b.weight: 86.68,group: a,snatch: 105,ci&jerk: 125,total: 230,,94kgmen,total,XVII BOLIVAR GAMES
rank: ---,marquez parra herbys charlys,ven,"born: dec 01, 1980",b.weight: 93.44,group: a,snatch: 156,ci&jerk: ---,total: ---,,94kgmen,total,XVII BOLIVAR GAMES
rank: 1,arroyo valdez jorge david,ecu,"born: sep 23, 1991",b.weight: 104.43,group: a,1: 170,2: 180,3: 185,total: 185,105kgmen,snatch,XVII BOLIVAR GAMES
rank: 2,gonzalez barrios jesus abrahan,ven,"born: apr 22, 1991",b.weight: 101.90,group: a,1: 155,2: 160,3: 166,total: 166,105kgmen,snatch,XVII BOLIVAR GAMES
rank: 3,luna julio,ven,"born: jan 07, 1973",b.weight: 103.09,group: a,1: 150,2: 155,3: 157,total: 157,105kgmen,snatch,XVII BOLIVAR GAMES
rank: 4,osorio victor,chi,"born: aug 09, 1985",b.weight: 104.77,group: a,1: 145,2: 150,3: 156,total: 156,105kgmen,snatch,XVII BOLIVAR GAMES
rank: 5,valencia montesinos alex dario,per,"born: apr 14, 1986",b.weight: 97.37,group: a,1: 117,2: 125,3: -130,total: 125,105kgmen,snatch,XVII BOLIVAR GAMES
rank: 1,arroyo valdez jorge david,ecu,"born: sep 23, 1991",b.weight: 104.43,group: a,1: 195,2: -200,3: 200,total: 200,105kgmen,cleanjerk,XVII BOLIVAR GAMES
rank: 2,luna julio,ven,"born: jan 07, 1973",b.weight: 103.09,group: a,1: 190,2: 194,3: -198,total: 194,105kgmen,cleanjerk,XVII BOLIVAR GAMES
rank: 3,gonzalez barrios jesus abrahan,ven,"born: apr 22, 1991",b.weight: 101.90,group: a,1: 192,2: -197,3: -197,total: 192,105kgmen,cleanjerk,XVII BOLIVAR GAMES
rank: 4,osorio victor,chi,"born: aug 09, 1985",b.weight: 104.77,group: a,1: -180,2: 180,3: -193,total: 180,105kgmen,cleanjerk,XVII BOLIVAR GAMES
rank: 5,valencia montesinos alex dario,per,"born: apr 14, 1986",b.weight: 97.37,group: a,1: 153,2: 160,3: 165,total: 165,105kgmen,cleanjerk,XVII BOLIVAR GAMES
rank: 1,arroyo valdez jorge david,ecu,"born: sep 23, 1991",b.weight: 104.43,group: a,snatch: 185,ci&jerk: 200,total: 385,,105kgmen,total,XVII BOLIVAR GAMES
rank: 2,gonzalez barrios jesus abrahan,ven,"born: apr 22, 1991",b.weight: 101.90,group: a,snatch: 166,ci&jerk: 192,total: 358,,105kgmen,total,XVII BOLIVAR GAMES
rank: 3,luna julio,ven,"born: jan 07, 1973",b.weight: 103.09,group: a,snatch: 157,ci&jerk: 194,total: 351,,105kgmen,total,XVII BOLIVAR GAMES
rank: 4,osorio victor,chi,"born: aug 09, 1985",b.weight: 104.77,group: a,snatch: 156,ci&jerk: 180,total: 336,,105kgmen,total,XVII BOLIVAR GAMES
rank: 5,valencia montesinos alex dario,per,"born: apr 14, 1986",b.weight: 97.37,group: a,snatch: 125,ci&jerk: 165,total: 290,,105kgmen,total,XVII BOLIVAR GAMES
rank: 1,segura segura ana iris,col,"born: jul 26, 1991",b.weight: 47.89,group: a,1: 69,2: 71,3: 73,total: 73,48kgwomen,snatch,XVII BOLIVAR GAMES
rank: 2,murcia vargas genesis nohemy,esa,"born: sep 18, 1990",b.weight: 47.02,group: a,1: 65,2: 68,3: 70,total: 70,48kgwomen,snatch,XVII BOLIVAR GAMES
rank: 3,lopez rivera jenniffer katherine,ecu,"born: nov 20, 1990",b.weight: 47.75,group: a,1: 63,2: 66,3: -69,total: 66,48kgwomen,snatch,XVII BOLIVAR GAMES
rank: 4,ramirez chumacero fiorela del rocio,per,"born: may 18, 1991",b.weight: 47.60,group: a,1: 59,2: 61,3: -63,total: 61,48kgwomen,snatch,XVII BOLIVAR GAMES
rank: 1,segura segura ana iris,col,"born: jul 26, 1991",b.weight: 47.89,group: a,1: 86,2: 89,3: 92,total: 92,48kgwomen,cleanjerk,XVII BOLIVAR GAMES
rank: 2,murcia vargas genesis nohemy,esa,"born: sep 18, 1990",b.weight: 47.02,group: a,1: 85,2: -88,3: 88,total: 88,48kgwomen,cleanjerk,XVII BOLIVAR GAMES
rank: 3,lopez rivera jenniffer katherine,ecu,"born: nov 20, 1990",b.weight: 47.75,group: a,1: 80,2: 85,3: -87,total: 85,48kgwomen,cleanjerk,XVII BOLIVAR GAMES
rank: ---,ramirez chumacero fiorela del rocio,per,"born: may 18, 1991",b.weight: 47.60,group: a,1: -79,2: -79,3: -79,total: ---,48kgwomen,cleanjerk,XVII BOLIVAR GAMES
rank: 1,segura segura ana iris,col,"born: jul 26, 1991",b.weight: 47.89,group: a,snatch: 73,ci&jerk: 92,total: 165,,48kgwomen,total,XVII BOLIVAR GAMES
rank: 2,murcia vargas genesis nohemy,esa,"born: sep 18, 1990",b.weight: 47.02,group: a,snatch: 70,ci&jerk: 88,total: 158,,48kgwomen,total,XVII BOLIVAR GAMES
rank: 3,lopez rivera jenniffer katherine,ecu,"born: nov 20, 1990",b.weight: 47.75,group: a,snatch: 66,ci&jerk: 85,total: 151,,48kgwomen,total,XVII BOLIVAR GAMES
rank: ---,ramirez chumacero fiorela del rocio,per,"born: may 18, 1991",b.weight: 47.60,group: a,snatch: 61,ci&jerk: ---,total: ---,,48kgwomen,total,XVII BOLIVAR GAMES
rank: 1,villar barboza rusmeris,col,"born: mar 28, 1983",b.weight: 52.54,group: a,1: 80,2: 83,3: 85,total: 85,53kgwomen,snatch,XVII BOLIVAR GAMES
rank: 2,vera gabriela yoshie,chi,"born: oct 05, 1985",b.weight: 52.29,group: a,1: -71,2: -71,3: 71,total: 71,53kgwomen,snatch,XVII BOLIVAR GAMES
rank: 3,archondo valeria,bol,"born: aug 03, 1988",b.weight: 51.07,group: a,1: 50,2: 52,3: -55,total: 52,53kgwomen,snatch,XVII BOLIVAR GAMES
rank: 1,villar barboza rusmeris,col,"born: mar 28, 1983",b.weight: 52.54,group: a,1: 100,2: -105,3: -105,total: 100,53kgwomen,cleanjerk,XVII BOLIVAR GAMES
rank: 2,vera gabriela yoshie,chi,"born: oct 05, 1985",b.weight: 52.29,group: a,1: 91,2: -96,3: -100,total: 91,53kgwomen,cleanjerk,XVII BOLIVAR GAMES
rank: 3,archondo valeria,bol,"born: aug 03, 1988",b.weight: 51.07,group: a,1: 70,2: 72,3: 74,total: 74,53kgwomen,cleanjerk,XVII BOLIVAR GAMES
rank: 1,villar barboza rusmeris,col,"born: mar 28, 1983",b.weight: 52.54,group: a,snatch: 85,ci&jerk: 100,total: 185,,53kgwomen,total,XVII BOLIVAR GAMES
rank: 2,vera gabriela yoshie,chi,"born: oct 05, 1985",b.weight: 52.29,group: a,snatch: 71,ci&jerk: 91,total: 162,,53kgwomen,total,XVII BOLIVAR GAMES
rank: 3,archondo valeria,bol,"born: aug 03, 1988",b.weight: 51.07,group: a,snatch: 52,ci&jerk: 74,total: 126,,53kgwomen,total,XVII BOLIVAR GAMES
rank: 1,heredia cuesta jackelina,col,"born: dec 31, 1988",b.weight: 57.90,group: a,1: 90,2: 92,3: -95,total: 92,58kgwomen,snatch,XVII BOLIVAR GAMES
rank: 2,figueroa roldan yusleidy mariana,ven,"born: jan 09, 1993",b.weight: 57.74,group: a,1: 81,2: 87,3: 91,total: 91,58kgwomen,snatch,XVII BOLIVAR GAMES
rank: 3,rojas massiel,chi,"born: jul 11, 1984",b.weight: 57.31,group: a,1: 72,2: 75,3: 80,total: 80,58kgwomen,snatch,XVII BOLIVAR GAMES
rank: 4,sandi pizango tessy karen,per,"born: nov 20, 1996",b.weight: 56.92,group: a,1: 70,2: 73,3: -76,total: 73,58kgwomen,snatch,XVII BOLIVAR GAMES
rank: 1,heredia cuesta jackelina,col,"born: dec 31, 1988",b.weight: 57.90,group: a,1: 115,2: 119,3: 125,total: 125,58kgwomen,cleanjerk,XVII BOLIVAR GAMES
rank: 2,figueroa roldan yusleidy mariana,ven,"born: jan 09, 1993",b.weight: 57.74,group: a,1: 105,2: 113,3: 118,total: 118,58kgwomen,cleanjerk,XVII BOLIVAR GAMES
rank: 3,rojas massiel,chi,"born: jul 11, 1984",b.weight: 57.31,group: a,1: 95,2: 100,3: 101,total: 101,58kgwomen,cleanjerk,XVII BOLIVAR GAMES
rank: 4,sandi pizango tessy karen,per,"born: nov 20, 1996",b.weight: 56.92,group: a,1: 88,2: -91,3: 91,total: 91,58kgwomen,cleanjerk,XVII BOLIVAR GAMES
rank: 1,heredia cuesta jackelina,col,"born: dec 31, 1988",b.weight: 57.90,group: a,snatch: 92,ci&jerk: 125,total: 217,,58kgwomen,total,XVII BOLIVAR GAMES
rank: 2,figueroa roldan yusleidy mariana,ven,"born: jan 09, 1993",b.weight: 57.74,group: a,snatch: 91,ci&jerk: 118,total: 209,,58kgwomen,total,XVII BOLIVAR GAMES
rank: 3,rojas massiel,chi,"born: jul 11, 1984",b.weight: 57.31,group: a,snatch: 80,ci&jerk: 101,total: 181,,58kgwomen,total,XVII BOLIVAR GAMES
rank: 4,sandi pizango tessy karen,per,"born: nov 20, 1996",b.weight: 56.92,group: a,snatch: 73,ci&jerk: 91,total: 164,,58kgwomen,total,XVII BOLIVAR GAMES
rank: 1,escobar guerrero maria alexandra,ecu,"born: jul 17, 1980",b.weight: 60.56,group: a,1: 95,2: -100,3: 100,total: 100,63kgwomen,snatch,XVII BOLIVAR GAMES
rank: 2,jimenez smith iriner tahima,ven,"born: feb 24, 1988",b.weight: 62.70,group: a,1: 88,2: 91,3: 94,total: 94,63kgwomen,snatch,XVII BOLIVAR GAMES
rank: 3,pardo marrugo nidia rosa,ven,"born: jan 14, 1983",b.weight: 61.23,group: a,1: 87,2: 90,3: -93,total: 90,63kgwomen,snatch,XVII BOLIVAR GAMES
rank: 4,armijo palomos leslie patricia,chi,"born: may 30, 1985",b.weight: 62.93,group: a,1: 81,2: 86,3: -89,total: 86,63kgwomen,snatch,XVII BOLIVAR GAMES
rank: 5,vasquez anangono tatiana margarita,ecu,"born: jan 07, 1993",b.weight: 62.65,group: a,1: 80,2: 82,3: -85,total: 82,63kgwomen,snatch,XVII BOLIVAR GAMES
rank: 6,zuniga colorado jacqueline vanessa,esa,"born: apr 14, 1986",b.weight: 62.39,group: a,1: 73,2: 75,3: 78,total: 78,63kgwomen,snatch,XVII BOLIVAR GAMES
rank: 7,saldarriaga dioses silvana katiuzca,per,"born: mar 13, 1993",b.weight: 61.83,group: a,1: 74,2: 77,3: -80,total: 77,63kgwomen,snatch,XVII BOLIVAR GAMES
rank: 8,vela ramirez nadia morelia,per,"born: apr 10, 1995",b.weight: 60.43,group: a,1: 70,2: -73,3: 73,total: 73,63kgwomen,snatch,XVII BOLIVAR GAMES
rank: 1,escobar guerrero maria alexandra,ecu,"born: jul 17, 1980",b.weight: 60.56,group: a,1: 120,2: 123,3: 125,total: 125,63kgwomen,cleanjerk,XVII BOLIVAR GAMES
rank: 2,pardo marrugo nidia rosa,ven,"born: jan 14, 1983",b.weight: 61.23,group: a,1: 112,2: 118,3: 121,total: 121,63kgwomen,cleanjerk,XVII BOLIVAR GAMES
rank: 3,jimenez smith iriner tahima,ven,"born: feb 24, 1988",b.weight: 62.70,group: a,1: 112,2: 119,3: -122,total: 119,63kgwomen,cleanjerk,XVII BOLIVAR GAMES
rank: 4,saldarriaga dioses silvana katiuzca,per,"born: mar 13, 1993",b.weight: 61.83,group: a,1: 103,2: 107,3: 109,total: 109,63kgwomen,cleanjerk,XVII BOLIVAR GAMES
rank: 5,vasquez anangono tatiana margarita,ecu,"born: jan 07, 1993",b.weight: 62.65,group: a,1: -101,2: 101,3: -107,total: 101,63kgwomen,cleanjerk,XVII BOLIVAR GAMES
rank: 6,vela ramirez nadia morelia,per,"born: apr 10, 1995",b.weight: 60.43,group: a,1: 92,2: 96,3: 100,total: 100,63kgwomen,cleanjerk,XVII BOLIVAR GAMES
rank: 7,armijo palomos leslie patricia,chi,"born: may 30, 1985",b.weight: 62.93,group: a,1: 100,2: -106,3: -106,total: 100,63kgwomen,cleanjerk,XVII BOLIVAR GAMES
rank: 8,zuniga colorado jacqueline vanessa,esa,"born: apr 14, 1986",b.weight: 62.39,group: a,1: 95,2: -100,3: -101,total: 95,63kgwomen,cleanjerk,XVII BOLIVAR GAMES
rank: 1,escobar guerrero maria alexandra,ecu,"born: jul 17, 1980",b.weight: 60.56,group: a,snatch: 100,ci&jerk: 125,total: 225,,63kgwomen,total,XVII BOLIVAR GAMES
rank: 2,jimenez smith iriner tahima,ven,"born: feb 24, 1988",b.weight: 62.70,group: a,snatch: 94,ci&jerk: 119,total: 213,,63kgwomen,total,XVII BOLIVAR GAMES
rank: 3,pardo marrugo nidia rosa,ven,"born: jan 14, 1983",b.weight: 61.23,group: a,snatch: 90,ci&jerk: 121,total: 211,,63kgwomen,total,XVII BOLIVAR GAMES
rank: 4,saldarriaga dioses silvana katiuzca,per,"born: mar 13, 1993",b.weight: 61.83,group: a,snatch: 77,ci&jerk: 109,total: 186,,63kgwomen,total,XVII BOLIVAR GAMES
rank: 5,armijo palomos leslie patricia,chi,"born: may 30, 1985",b.weight: 62.93,group: a,snatch: 86,ci&jerk: 100,total: 186,,63kgwomen,total,XVII BOLIVAR GAMES
rank: 6,vasquez anangono tatiana margarita,ecu,"born: jan 07, 1993",b.weight: 62.65,group: a,snatch: 82,ci&jerk: 101,total: 183,,63kgwomen,total,XVII BOLIVAR GAMES
rank: 7,vela ramirez nadia morelia,per,"born: apr 10, 1995",b.weight: 60.43,group: a,snatch: 73,ci&jerk: 100,total: 173,,63kgwomen,total,XVII BOLIVAR GAMES
rank: 8,zuniga colorado jacqueline vanessa,esa,"born: apr 14, 1986",b.weight: 62.39,group: a,snatch: 78,ci&jerk: 95,total: 173,,63kgwomen,total,XVII BOLIVAR GAMES
rank: 1,solis arboleda leidy yessenia,col,"born: feb 17, 1990",b.weight: 68.65,group: a,1: 102,2: 105,3: 106,total: 106,69kgwomen,snatch,XVII BOLIVAR GAMES
rank: 2,perez tigrero mercedes isabel,col,"born: aug 07, 1987",b.weight: 67.55,group: a,1: 100,2: 103,3: 105,total: 105,69kgwomen,snatch,XVII BOLIVAR GAMES
rank: 3,villasmil mendoza solenny bolivia,ven,"born: may 12, 1981",b.weight: 64.30,group: a,1: 92,2: -94,3: -94,total: 92,69kgwomen,snatch,XVII BOLIVAR GAMES
rank: 4,malla heras martha lourdes,ecu,"born: apr 09, 1981",b.weight: 68.48,group: a,1: -90,2: -90,3: 90,total: 90,69kgwomen,snatch,XVII BOLIVAR GAMES
rank: 5,navarro castillo rocio yamileth,pan,"born: nov 18, 1990",b.weight: 68.26,group: a,1: -80,2: 80,3: 84,total: 84,69kgwomen,snatch,XVII BOLIVAR GAMES
rank: 6,cruz hernandez lesbia marielis,gua,"born: sep 10, 1987",b.weight: 67.29,group: a,1: 78,2: 81,3: 83,total: 83,69kgwomen,snatch,XVII BOLIVAR GAMES
rank: 7,carcamo lopez karla lorena,esa,"born: nov 08, 1991",b.weight: 65.91,group: a,1: 72,2: 76,3: 78,total: 78,69kgwomen,snatch,XVII BOLIVAR GAMES
rank: 8,berru mondragon danitza disney,per,"born: may 10, 1991",b.weight: 63.35,group: a,1: 72,2: -76,3: 76,total: 76,69kgwomen,snatch,XVII BOLIVAR GAMES
rank: 1,solis arboleda leidy yessenia,col,"born: feb 17, 1990",b.weight: 68.65,group: a,1: 128,2: 132,3: -139,total: 132,69kgwomen,cleanjerk,XVII BOLIVAR GAMES
rank: 2,villasmil mendoza solenny bolivia,ven,"born: may 12, 1981",b.weight: 64.30,group: a,1: 115,2: -117,3: -118,total: 115,69kgwomen,cleanjerk,XVII BOLIVAR GAMES
rank: 3,malla heras martha lourdes,ecu,"born: apr 09, 1981",b.weight: 68.48,group: a,1: 115,2: -120,3: -120,total: 115,69kgwomen,cleanjerk,XVII BOLIVAR GAMES
rank: 4,cruz hernandez lesbia marielis,gua,"born: sep 10, 1987",b.weight: 67.29,group: a,1: 100,2: -105,3: 105,total: 105,69kgwomen,cleanjerk,XVII BOLIVAR GAMES
rank: 5,navarro castillo rocio yamileth,pan,"born: nov 18, 1990",b.weight: 68.26,group: a,1: 100,2: 105,3: -106,total: 105,69kgwomen,cleanjerk,XVII BOLIVAR GAMES
rank: 6,berru mondragon danitza disney,per,"born: may 10, 1991",b.weight: 63.35,group: a,1: 96,2: 100,3: 103,total: 103,69kgwomen,cleanjerk,XVII BOLIVAR GAMES
rank: 7,carcamo lopez karla lorena,esa,"born: nov 08, 1991",b.weight: 65.91,group: a,1: 97,2: -101,3: 101,total: 101,69kgwomen,cleanjerk,XVII BOLIVAR GAMES
rank: ---,perez tigrero mercedes isabel,col,"born: aug 07, 1987",b.weight: 67.55,group: a,1: -127,2: -127,3: -127,total: ---,69kgwomen,cleanjerk,XVII BOLIVAR GAMES
rank: 1,solis arboleda leidy yessenia,col,"born: feb 17, 1990",b.weight: 68.65,group: a,snatch: 106,ci&jerk: 132,total: 238,,69kgwomen,total,XVII BOLIVAR GAMES
rank: 2,villasmil mendoza solenny bolivia,ven,"born: may 12, 1981",b.weight: 64.30,group: a,snatch: 92,ci&jerk: 115,total: 207,,69kgwomen,total,XVII BOLIVAR GAMES
rank: 3,malla heras martha lourdes,ecu,"born: apr 09, 1981",b.weight: 68.48,group: a,snatch: 90,ci&jerk: 115,total: 205,,69kgwomen,total,XVII BOLIVAR GAMES
rank: 4,navarro castillo rocio yamileth,pan,"born: nov 18, 1990",b.weight: 68.26,group: a,snatch: 84,ci&jerk: 105,total: 189,,69kgwomen,total,XVII BOLIVAR GAMES
rank: 5,cruz hernandez lesbia marielis,gua,"born: sep 10, 1987",b.weight: 67.29,group: a,snatch: 83,ci&jerk: 105,total: 188,,69kgwomen,total,XVII BOLIVAR GAMES
rank: 6,berru mondragon danitza disney,per,"born: may 10, 1991",b.weight: 63.35,group: a,snatch: 76,ci&jerk: 103,total: 179,,69kgwomen,total,XVII BOLIVAR GAMES
rank: 7,carcamo lopez karla lorena,esa,"born: nov 08, 1991",b.weight: 65.91,group: a,snatch: 78,ci&jerk: 101,total: 179,,69kgwomen,total,XVII BOLIVAR GAMES
rank: ---,perez tigrero mercedes isabel,col,"born: aug 07, 1987",b.weight: 67.55,group: a,snatch: 105,ci&jerk: ---,total: ---,,69kgwomen,total,XVII BOLIVAR GAMES
rank: 1,valoyes cuesta ubaldina,col,"born: jul 06, 1982",b.weight: 74.76,group: a,1: 103,2: 107,3: -110,total: 107,75kgwomen,snatch,XVII BOLIVAR GAMES
rank: 2,tenorio silva rosa angela,ecu,"born: oct 02, 1984",b.weight: 73.65,group: a,1: 97,2: 100,3: 102,total: 102,75kgwomen,snatch,XVII BOLIVAR GAMES
rank: 3,chirinos leon dayana aracelis,ven,"born: oct 04, 1991",b.weight: 71.22,group: a,1: 94,2: 97,3: 100,total: 100,75kgwomen,snatch,XVII BOLIVAR GAMES
rank: 4,valdes paris maria fernanda,chi,"born: mar 17, 1992",b.weight: 74.81,group: a,1: 95,2: -100,3: -100,total: 95,75kgwomen,snatch,XVII BOLIVAR GAMES
rank: 5,hernandez sosa sandra veronica,esa,"born: nov 02, 1987",b.weight: 74.55,group: a,1: 70,2: 75,3: 78,total: 78,75kgwomen,snatch,XVII BOLIVAR GAMES
rank: 6,valdivia sajami veronica,per,"born: dec 28, 1994",b.weight: 69.23,group: a,1: 64,2: -67,3: 67,total: 67,75kgwomen,snatch,XVII BOLIVAR GAMES
rank: 1,valoyes cuesta ubaldina,col,"born: jul 06, 1982",b.weight: 74.76,group: a,1: 126,2: ---,3: ---,total: 126,75kgwomen,cleanjerk,XVII BOLIVAR GAMES
rank: 2,valdes paris maria fernanda,chi,"born: mar 17, 1992",b.weight: 74.81,group: a,1: 120,2: 125,3: -128,total: 125,75kgwomen,cleanjerk,XVII BOLIVAR GAMES
rank: 3,tenorio silva rosa angela,ecu,"born: oct 02, 1984",b.weight: 73.65,group: a,1: 115,2: 120,3: 121,total: 121,75kgwomen,cleanjerk,XVII BOLIVAR GAMES
rank: 4,chirinos leon dayana aracelis,ven,"born: oct 04, 1991",b.weight: 71.22,group: a,1: 114,2: 118,3: -121,total: 118,75kgwomen,cleanjerk,XVII BOLIVAR GAMES
rank: 5,hernandez sosa sandra veronica,esa,"born: nov 02, 1987",b.weight: 74.55,group: a,1: 95,2: 100,3: -105,total: 100,75kgwomen,cleanjerk,XVII BOLIVAR GAMES
rank: 6,valdivia sajami veronica,per,"born: dec 28, 1994",b.weight: 69.23,group: a,1: 90,2: 93,3: -95,total: 93,75kgwomen,cleanjerk,XVII BOLIVAR GAMES
rank: 1,valoyes cuesta ubaldina,col,"born: jul 06, 1982",b.weight: 74.76,group: a,snatch: 107,ci&jerk: 126,total: 233,,75kgwomen,total,XVII BOLIVAR GAMES
rank: 2,tenorio silva rosa angela,ecu,"born: oct 02, 1984",b.weight: 73.65,group: a,snatch: 102,ci&jerk: 121,total: 223,,75kgwomen,total,XVII BOLIVAR GAMES
rank: 3,valdes paris maria fernanda,chi,"born: mar 17, 1992",b.weight: 74.81,group: a,snatch: 95,ci&jerk: 125,total: 220,,75kgwomen,total,XVII BOLIVAR GAMES
rank: 4,chirinos leon dayana aracelis,ven,"born: oct 04, 1991",b.weight: 71.22,group: a,snatch: 100,ci&jerk: 118,total: 218,,75kgwomen,total,XVII BOLIVAR GAMES
rank: 5,hernandez sosa sandra veronica,esa,"born: nov 02, 1987",b.weight: 74.55,group: a,snatch: 78,ci&jerk: 100,total: 178,,75kgwomen,total,XVII BOLIVAR GAMES
rank: 6,valdivia sajami veronica,per,"born: dec 28, 1994",b.weight: 69.23,group: a,snatch: 67,ci&jerk: 93,total: 160,,75kgwomen,total,XVII BOLIVAR GAMES
rank: 1,nieve arroyo oliba seledina,ecu,"born: nov 25, 1977",b.weight: 92.99,group: a,1: 107,2: 110,3: 113,total: 113,+75kgwomen,snatch,XVII BOLIVAR GAMES
rank: 2,espinosa yaniuska isabel,ven,"born: dec 05, 1986",b.weight: 109.13,group: a,1: -108,2: 108,3: 113,total: 113,+75kgwomen,snatch,XVII BOLIVAR GAMES
rank: 3,perez reveron naryury alexandra,ven,"born: sep 29, 1992",b.weight: 96.65,group: a,1: 105,2: 108,3: 111,total: 111,+75kgwomen,snatch,XVII BOLIVAR GAMES
rank: 4,matamala araya nicol valeska,chi,"born: aug 07, 1988",b.weight: 83.72,group: a,1: 85,2: 90,3: 93,total: 93,+75kgwomen,snatch,XVII BOLIVAR GAMES
rank: 5,camposeco hernandez astrid roxana,gua,"born: apr 27, 1991",b.weight: 90.74,group: a,1: 87,2: 90,3: 93,total: 93,+75kgwomen,snatch,XVII BOLIVAR GAMES
rank: 6,ramos maria victoria,per,"born: nov 20, 1991",b.weight: 83.24,group: a,1: 70,2: 76,3: -80,total: 76,+75kgwomen,snatch,XVII BOLIVAR GAMES
rank: 1,espinosa yaniuska isabel,ven,"born: dec 05, 1986",b.weight: 109.13,group: a,1: 133,2: 140,3: 142,total: 142,+75kgwomen,cleanjerk,XVII BOLIVAR GAMES
rank: 2,perez reveron naryury alexandra,ven,"born: sep 29, 1992",b.weight: 96.65,group: a,1: 134,2: 141,3: -144,total: 141,+75kgwomen,cleanjerk,XVII BOLIVAR GAMES
rank: 3,nieve arroyo oliba seledina,ecu,"born: nov 25, 1977",b.weight: 92.99,group: a,1: 132,2: -137,3: -140,total: 132,+75kgwomen,cleanjerk,XVII BOLIVAR GAMES
rank: 4,camposeco hernandez astrid roxana,gua,"born: apr 27, 1991",b.weight: 90.74,group: a,1: 112,2: 117,3: 120,total: 120,+75kgwomen,cleanjerk,XVII BOLIVAR GAMES
rank: 5,matamala araya nicol valeska,chi,"born: aug 07, 1988",b.weight: 83.72,group: a,1: 102,2: 108,3: 112,total: 112,+75kgwomen,cleanjerk,XVII BOLIVAR GAMES
rank: 6,ramos maria victoria,per,"born: nov 20, 1991",b.weight: 83.24,group: a,1: 93,2: 98,3: -102,total: 98,+75kgwomen,cleanjerk,XVII BOLIVAR GAMES
rank: 1,espinosa yaniuska isabel,ven,"born: dec 05, 1986",b.weight: 109.13,group: a,snatch: 113,ci&jerk: 142,total: 255,,+75kgwomen,total,XVII BOLIVAR GAMES
rank: 2,perez reveron naryury alexandra,ven,"born: sep 29, 1992",b.weight: 96.65,group: a,snatch: 111,ci&jerk: 141,total: 252,,+75kgwomen,total,XVII BOLIVAR GAMES
rank: 3,nieve arroyo oliba seledina,ecu,"born: nov 25, 1977",b.weight: 92.99,group: a,snatch: 113,ci&jerk: 132,total: 245,,+75kgwomen,total,XVII BOLIVAR GAMES
rank: 4,camposeco hernandez astrid roxana,gua,"born: apr 27, 1991",b.weight: 90.74,group: a,snatch: 93,ci&jerk: 120,total: 213,,+75kgwomen,total,XVII BOLIVAR GAMES
rank: 5,matamala araya nicol valeska,chi,"born: aug 07, 1988",b.weight: 83.72,group: a,snatch: 93,ci&jerk: 112,total: 205,,+75kgwomen,total,XVII BOLIVAR GAMES
rank: 6,ramos maria victoria,per,"born: nov 20, 1991",b.weight: 83.24,group: a,snatch: 76,ci&jerk: 98,total: 174,,+75kgwomen,total,XVII BOLIVAR GAMES
